ALTER TABLE POST
  ALTER COLUMN create_date SET DEFAULT CURRENT_TIMESTAMP;
 
 DROP TABLE IF EXISTS USER;
CREATE TABLE USER(user_id INT PRIMARY KEY,
  password VARCHAR(80),
  email VARCHAR(25),
 username VARCHAR(40),
 name VARCHAR(50),
 last_name VARCHAR(45),
 active BOOLEAN);
 

 INSERT INTO USER (user_id, password, email, username, name, last_name, active)
VALUES
  (1, '$2a$06$OAPObzhRdRXBCbk7Hj/ot.jY3zPwR8n7/mfLtKIgTzdJa4.6TwsIm', 'user@mail.com', 'user', 'Name', 'Surname',
   1);
-- password in plaintext: "password"
INSERT INTO USER (user_id, password, email, username, name, last_name, active)
VALUES
  (2, '$2a$06$OAPObzhRdRXBCbk7Hj/ot.jY3zPwR8n7/mfLtKIgTzdJa4.6TwsIm', 'johndoe@gmail.com', 'johndoe', 'John', 'Doe', 1);
-- password in plaintext: "password"
INSERT INTO USER (user_id, password, email, username, name, last_name, active)
VALUES (3, '$2a$06$OAPObzhRdRXBCbk7Hj/ot.jY3zPwR8n7/mfLtKIgTzdJa4.6TwsIm', 'ana@mail.com', 'ana', 'Ana', 'Surname', 1);

SELECT * FROM "USER";

----Role
DROP TABLE IF EXISTS ROLE;
CREATE TABLE ROLE(role_id INT,
role VARCHAR(30));

INSERT INTO ROLE (role_id, role)
VALUES (1, 'ROLE_ADMIN');
INSERT INTO ROLE (role_id, role)
VALUES (2, 'ROLE_USER');

SELECT * FROM ROLE;

------USER_ROLE
CREATE TABLE USER_ROLE(user_id INT,role_id INT);

INSERT INTO USER_ROLE (user_id, role_id)
VALUES (1, 1);
INSERT INTO USER_ROLE (user_id, role_id)
VALUES (1, 2);
INSERT INTO USER_ROLE (user_id, role_id)
VALUES (2, 2);
INSERT INTO USER_ROLE (user_id, role_id)
VALUES (3, 2);

SELECT * FROM USER_ROLE;

CREATE TABLE POST(post_id INT PRIMARY KEY,
user_id INT,
title VARCHAR(50),
body VARCHAR(600),
create_date DATE);

-------post
INSERT INTO POST (post_id, user_id, title, body, create_date)
VALUES (1, 1, 'Title 1',
        '"Lorem ipsum dolor sit amet, consectetur adipiscing elit, sed do eiusmod tempor incididunt ut labore et dolore magna aliqua. Ut enim ad minim veniam, quis nostrud exercitation ullamco laboris nisi ut aliquip ex ea commodo consequat. Duis aute irure dolor in reprehenderit in voluptate velit esse cillum dolore eu fugiat nulla pariatur. Excepteur sint occaecat cupidatat non proident, sunt in culpa qui officia deserunt mollit anim id est laborum."',
        --         CURRENT_TIMESTAMP());
        {ts '2016-10-19 11:10:13.247'});
INSERT INTO POST (post_id, user_id, title, body, create_date)
VALUES (2, 1, 'Title 2',
        '"Lorem ipsum dolor sit amet, consectetur adipiscing elit, sed do eiusmod tempor incididunt ut labore et dolore magna aliqua. Ut enim ad minim veniam, quis nostrud exercitation ullamco laboris nisi ut aliquip ex ea commodo consequat. Duis aute irure dolor in reprehenderit in voluptate velit esse cillum dolore eu fugiat nulla pariatur. Excepteur sint occaecat cupidatat non proident, sunt in culpa qui officia deserunt mollit anim id est laborum."',
        --         CURRENT_TIMESTAMP());
        {ts '2016-11-10 11:10:13.247'});
INSERT INTO POST (post_id, user_id, title, body, create_date)
VALUES (3, 1, 'Title 3',
        '"Lorem ipsum dolor sit amet, consectetur adipiscing elit, sed do eiusmod tempor incididunt ut labore et dolore magna aliqua. Ut enim ad minim veniam, quis nostrud exercitation ullamco laboris nisi ut aliquip ex ea commodo consequat. Duis aute irure dolor in reprehenderit in voluptate velit esse cillum dolore eu fugiat nulla pariatur. Excepteur sint occaecat cupidatat non proident, sunt in culpa qui officia deserunt mollit anim id est laborum."',
        CURRENT_TIMESTAMP());
INSERT INTO POST (post_id, user_id, title, body, create_date)
VALUES (4, 1, 'Title 4',
        '"Lorem ipsum dolor sit amet, consectetur adipiscing elit, sed do eiusmod tempor incididunt ut labore et dolore magna aliqua. Ut enim ad minim veniam, quis nostrud exercitation ullamco laboris nisi ut aliquip ex ea commodo consequat. Duis aute irure dolor in reprehenderit in voluptate velit esse cillum dolore eu fugiat nulla pariatur. Excepteur sint occaecat cupidatat non proident, sunt in culpa qui officia deserunt mollit anim id est laborum."',
        CURRENT_TIMESTAMP());
INSERT INTO POST (post_id, user_id, title, body, create_date)
VALUES (5, 1, 'Title 5',
        '"Lorem ipsum dolor sit amet, consectetur adipiscing elit, sed do eiusmod tempor incididunt ut labore et dolore magna aliqua. Ut enim ad minim veniam, quis nostrud exercitation ullamco laboris nisi ut aliquip ex ea commodo consequat. Duis aute irure dolor in reprehenderit in voluptate velit esse cillum dolore eu fugiat nulla pariatur. Excepteur sint occaecat cupidatat non proident, sunt in culpa qui officia deserunt mollit anim id est laborum."',
        CURRENT_TIMESTAMP());
INSERT INTO POST (post_id, user_id, title, body, create_date)
VALUES (6, 1, 'Title 6',
        '"Lorem ipsum dolor sit amet, consectetur adipiscing elit, sed do eiusmod tempor incididunt ut labore et dolore magna aliqua. Ut enim ad minim veniam, quis nostrud exercitation ullamco laboris nisi ut aliquip ex ea commodo consequat. Duis aute irure dolor in reprehenderit in voluptate velit esse cillum dolore eu fugiat nulla pariatur. Excepteur sint occaecat cupidatat non proident, sunt in culpa qui officia deserunt mollit anim id est laborum."',
        CURRENT_TIMESTAMP());
INSERT INTO POST (post_id, user_id, title, body, create_date)
VALUES (7, 2, 'Title 7',
        '"Lorem ipsum dolor sit amet, consectetur adipiscing elit, sed do eiusmod tempor incididunt ut labore et dolore magna aliqua. Ut enim ad minim veniam, quis nostrud exercitation ullamco laboris nisi ut aliquip ex ea commodo consequat. Duis aute irure dolor in reprehenderit in voluptate velit esse cillum dolore eu fugiat nulla pariatur. Excepteur sint occaecat cupidatat non proident, sunt in culpa qui officia deserunt mollit anim id est laborum."',
        CURRENT_TIMESTAMP());
INSERT INTO POST (post_id, user_id, title, body, create_date)
VALUES (8, 2, 'Title 8',
        '"Lorem ipsum dolor sit amet, consectetur adipiscing elit, sed do eiusmod tempor incididunt ut labore et dolore magna aliqua. Ut enim ad minim veniam, quis nostrud exercitation ullamco laboris nisi ut aliquip ex ea commodo consequat. Duis aute irure dolor in reprehenderit in voluptate velit esse cillum dolore eu fugiat nulla pariatur. Excepteur sint occaecat cupidatat non proident, sunt in culpa qui officia deserunt mollit anim id est laborum."',
        CURRENT_TIMESTAMP());
INSERT INTO POST (post_id, user_id, title, body, create_date)
VALUES (9, 2, 'Title 9',
        '"Lorem ipsum dolor sit amet, consectetur adipiscing elit, sed do eiusmod tempor incididunt ut labore et dolore magna aliqua. Ut enim ad minim veniam, quis nostrud exercitation ullamco laboris nisi ut aliquip ex ea commodo consequat. Duis aute irure dolor in reprehenderit in voluptate velit esse cillum dolore eu fugiat nulla pariatur. Excepteur sint occaecat cupidatat non proident, sunt in culpa qui officia deserunt mollit anim id est laborum."',
        CURRENT_TIMESTAMP());
INSERT INTO POST (post_id, user_id, title, body, create_date)
VALUES (10, 2, 'Title 10',
        '"Lorem ipsum dolor sit amet, consectetur adipiscing elit, sed do eiusmod tempor incididunt ut labore et dolore magna aliqua. Ut enim ad minim veniam, quis nostrud exercitation ullamco laboris nisi ut aliquip ex ea commodo consequat. Duis aute irure dolor in reprehenderit in voluptate velit esse cillum dolore eu fugiat nulla pariatur. Excepteur sint occaecat cupidatat non proident, sunt in culpa qui officia deserunt mollit anim id est laborum."',
        CURRENT_TIMESTAMP());
INSERT INTO POST (post_id, user_id, title, body, create_date)
VALUES (11, 3, 'Title 11',
        '"Lorem ipsum dolor sit amet, consectetur adipiscing elit, sed do eiusmod tempor incididunt ut labore et dolore magna aliqua. Ut enim ad minim veniam, quis nostrud exercitation ullamco laboris nisi ut aliquip ex ea commodo consequat. Duis aute irure dolor in reprehenderit in voluptate velit esse cillum dolore eu fugiat nulla pariatur. Excepteur sint occaecat cupidatat non proident, sunt in culpa qui officia deserunt mollit anim id est laborum."',
        CURRENT_TIMESTAMP());
INSERT INTO POST (post_id, user_id, title, body, create_date)
VALUES (12, 3, 'Title 12',
        '"Lorem ipsum dolor sit amet, consectetur adipiscing elit, sed do eiusmod tempor incididunt ut labore et dolore magna aliqua. Ut enim ad minim veniam, quis nostrud exercitation ullamco laboris nisi ut aliquip ex ea commodo consequat. Duis aute irure dolor in reprehenderit in voluptate velit esse cillum dolore eu fugiat nulla pariatur. Excepteur sint occaecat cupidatat non proident, sunt in culpa qui officia deserunt mollit anim id est laborum."',
        CURRENT_TIMESTAMP());

       SELECT * FROM POST;
       
      -------comment
      
      CREATE TABLE COMMENT(post_id INT,user_id INT, body VARCHAR(600), create_date DATE);
      
     INSERT INTO COMMENT (post_id, user_id, body, create_date)
VALUES (1, 1,
        '"Lorem ipsum dolor sit amet, consectetur adipiscing elit, sed do eiusmod tempor incididunt ut labore et dolore magna aliqua. Ut enim ad minim veniam, quis nostrud exercitation ullamco laboris nisi ut aliquip ex ea commodo consequat. Duis aute irure dolor in reprehenderit in voluptate velit esse cillum dolore eu fugiat nulla pariatur. Excepteur sint occaecat cupidatat non proident, sunt in culpa qui officia deserunt mollit anim id est laborum."',
        CURRENT_TIMESTAMP());
INSERT INTO COMMENT (post_id, user_id, body, create_date)
VALUES (1, 2,
        '"Lorem ipsum dolor sit amet, consectetur adipiscing elit, sed do eiusmod tempor incididunt ut labore et dolore magna aliqua. Ut enim ad minim veniam, quis nostrud exercitation ullamco laboris nisi ut aliquip ex ea commodo consequat. Duis aute irure dolor in reprehenderit in voluptate velit esse cillum dolore eu fugiat nulla pariatur. Excepteur sint occaecat cupidatat non proident, sunt in culpa qui officia deserunt mollit anim id est laborum."',
        CURRENT_TIMESTAMP());
INSERT INTO COMMENT (post_id, user_id, body, create_date)
VALUES (1, 3,
        '"Lorem ipsum dolor sit amet, consectetur adipiscing elit, sed do eiusmod tempor incididunt ut labore et dolore magna aliqua. Ut enim ad minim veniam, quis nostrud exercitation ullamco laboris nisi ut aliquip ex ea commodo consequat. Duis aute irure dolor in reprehenderit in voluptate velit esse cillum dolore eu fugiat nulla pariatur. Excepteur sint occaecat cupidatat non proident, sunt in culpa qui officia deserunt mollit anim id est laborum."',
        CURRENT_TIMESTAMP());
INSERT INTO COMMENT (post_id, user_id, body, create_date)
VALUES (6, 1,
        '"Lorem ipsum dolor sit amet, consectetur adipiscing elit, sed do eiusmod tempor incididunt ut labore et dolore magna aliqua. Ut enim ad minim veniam, quis nostrud exercitation ullamco laboris nisi ut aliquip ex ea commodo consequat. Duis aute irure dolor in reprehenderit in voluptate velit esse cillum dolore eu fugiat nulla pariatur. Excepteur sint occaecat cupidatat non proident, sunt in culpa qui officia deserunt mollit anim id est laborum."',
        CURRENT_TIMESTAMP());
INSERT INTO COMMENT (post_id, user_id, body, create_date)
VALUES (6, 2,
        '"Lorem ipsum dolor sit amet, consectetur adipiscing elit, sed do eiusmod tempor incididunt ut labore et dolore magna aliqua. Ut enim ad minim veniam, quis nostrud exercitation ullamco laboris nisi ut aliquip ex ea commodo consequat. Duis aute irure dolor in reprehenderit in voluptate velit esse cillum dolore eu fugiat nulla pariatur. Excepteur sint occaecat cupidatat non proident, sunt in culpa qui officia deserunt mollit anim id est laborum."',
        CURRENT_TIMESTAMP());
INSERT INTO COMMENT (post_id, user_id, body, create_date)
VALUES (6, 3,
        '"Lorem ipsum dolor sit amet, consectetur adipiscing elit, sed do eiusmod tempor incididunt ut labore et dolore magna aliqua. Ut enim ad minim veniam, quis nostrud exercitation ullamco laboris nisi ut aliquip ex ea commodo consequat. Duis aute irure dolor in reprehenderit in voluptate velit esse cillum dolore eu fugiat nulla pariatur. Excepteur sint occaecat cupidatat non proident, sunt in culpa qui officia deserunt mollit anim id est laborum."',
        CURRENT_TIMESTAMP());
        
       SELECT * FROM COMMENT;